{"cameraMode":{"drawMode":0,"name":"Shaded","section":"Shading Mode"},"sceneLighting":true,"audioPlay":false,"sceneViewState":{"showFog":true,"showMaterialUpdate":false,"showSkybox":true,"showFlares":true,"showImageEffects":true,"showParticleSystems":true},"in2DMode":false,"pivot":{"x":1.7543964385986329,"y":4.301607131958008,"z":3.719677209854126},"rotation":{"x":-0.050872113555669788,"y":0.7082187533378601,"z":-0.05129961296916008,"w":-0.7022960782051086},"size":10.0,"orthographic":false}