{"cameraMode":{"drawMode":0,"name":"Shaded","section":"Shading Mode"},"sceneLighting":true,"audioPlay":false,"sceneViewState":{"showFog":true,"showMaterialUpdate":false,"showSkybox":true,"showFlares":true,"showImageEffects":true,"showParticleSystems":true},"in2DMode":false,"pivot":{"x":3.7017741203308107,"y":-2.097048759460449,"z":-21.676305770874025},"rotation":{"x":-0.0065034194849431519,"y":-0.9893288612365723,"z":0.13801510632038117,"w":-0.046639151871204379},"size":37.937896728515628,"orthographic":false}