{"cameraMode":{"drawMode":0,"name":"Shaded","section":"Shading Mode"},"sceneLighting":true,"audioPlay":false,"sceneViewState":{"showFog":true,"showMaterialUpdate":false,"showSkybox":true,"showFlares":true,"showImageEffects":true,"showParticleSystems":true},"in2DMode":false,"pivot":{"x":30.684764862060548,"y":-5.745048522949219,"z":-12.54979133605957},"rotation":{"x":-0.07025405764579773,"y":-0.8528597950935364,"z":0.11897778511047363,"w":-0.5036048889160156},"size":38.80827713012695,"orthographic":false}