{"cameraMode":{"drawMode":0,"name":"Shaded","section":"Shading Mode"},"sceneLighting":true,"audioPlay":false,"sceneViewState":{"showFog":true,"showMaterialUpdate":false,"showSkybox":true,"showFlares":true,"showImageEffects":true,"showParticleSystems":true},"in2DMode":false,"pivot":{"x":8.234058380126954,"y":1.5973061323165894,"z":2.149712324142456},"rotation":{"x":-0.00782332569360733,"y":0.8203990459442139,"z":-0.011381145566701889,"w":-0.5718063712120056},"size":2.66013765335083,"orthographic":false}