{"cameraMode":{"drawMode":0,"name":"Shaded","section":"Shading Mode"},"sceneLighting":true,"audioPlay":false,"sceneViewState":{"showFog":true,"showMaterialUpdate":false,"showSkybox":true,"showFlares":true,"showImageEffects":true,"showParticleSystems":true},"in2DMode":false,"pivot":{"x":1.0581274032592774,"y":6.679898738861084,"z":3.8683271408081056},"rotation":{"x":0.10441011190414429,"y":0.6757311224937439,"z":0.09756647050380707,"w":-0.7231743335723877},"size":10.0,"orthographic":false}