{"cameraMode":{"drawMode":0,"name":"Shaded","section":"Shading Mode"},"sceneLighting":true,"audioPlay":false,"sceneViewState":{"showFog":true,"showMaterialUpdate":false,"showSkybox":true,"showFlares":true,"showImageEffects":true,"showParticleSystems":true},"in2DMode":false,"pivot":{"x":-7.210439682006836,"y":8.258752822875977,"z":3.9223270416259767},"rotation":{"x":0.12450561672449112,"y":0.7085444331169128,"z":-0.12909597158432008,"w":0.6826469898223877},"size":2.66013765335083,"orthographic":false}