{"cameraMode":{"drawMode":0,"name":"Shaded","section":"Shading Mode"},"sceneLighting":true,"audioPlay":false,"sceneViewState":{"showFog":true,"showMaterialUpdate":false,"showSkybox":true,"showFlares":true,"showImageEffects":true,"showParticleSystems":true},"in2DMode":false,"pivot":{"x":4.518060207366943,"y":2.0709891319274904,"z":4.548344135284424},"rotation":{"x":0.030342144891619684,"y":-0.48816144466400149,"z":0.017028139904141427,"w":0.8720945715904236},"size":11.039738655090332,"orthographic":false}